{
  "project_info": {
    "project_number": "562823798136",
    "project_id": "tnnews242025",
    "storage_bucket": "tnnews242025.firebasestorage"
  },
  "client": [
    {
      "client_info": {
        "mobilesdk_app_id": "1:562823798136:android:180b502fe9a95dc8a03c8d",
        "android_client_info": {
          "package_name": "in.aaaosindia.tnnews2411_22_25"
        }
      },
      "oauth_client": [],
      "api_key": [
        {
          "current_key": "AIzaSyDYhmXIBRxSaH_-9l8tonXLdrll8-7mYb4"
        }
      ],
      "services": {
        "appinvite_service": {
          "other_platform_oauth_client": []
        }
      }
    }
  ],
  "configuration_version": "1"
}